Input,Final_RE,Final_IM,Magnitude,Mandel_Match
1,-965,-807,1257.96,true
2,988,-330,1041.65,true
3,1312,48,1312.88,true
4,-965,-807,1257.96,true
5,-965,-807,1257.96,true
6,259,-1977,1993.89,true
7,1465,-1347,1990.13,true
8,-965,-807,1257.96,true
9,-965,-807,1257.96,true
10,1312,48,1312.88,true
11,16,-1302,1302.10,true
12,988,-330,1041.65,true
13,979,903,1331.86,true
14,1045,57,1046.55,true
15,19,-1041,1041.17,true
16,-965,-807,1257.96,true
17,1288,-24,1288.22,true
18,1330,1434,1955.83,true
19,1393,1425,1992.76,true
20,-1127,-1023,1522.06,true
21,-965,-807,1257.96,true
22,1465,-1347,1990.13,true
23,1060,12,1060.07,true
24,1555,-195,1567.18,true
25,1045,57,1046.55,true
26,-35,1281,1281.48,true
27,-926,-942,1320.92,true
28,-965,-807,1257.96,true
29,1069,-1167,1582.61,true
30,-47,1515,1515.73,true
31,-1055,-1077,1507.63,true
32,988,-330,1041.65,true
33,-11,-1275,1275.05,true
34,16,-1302,1302.10,true
35,-1199,-1221,1711.27,true
36,925,867,1267.80,true
37,1465,-1347,1990.13,true
38,-1262,-1320,1826.21,true
39,7,-1509,1509.02,true
40,979,903,1331.86,true
41,1060,12,1060.07,true
42,-737,705,1019.90,true
43,-1469,-1491,2093.09,true
44,-965,-807,1257.96,true
45,1177,-33,1177.46,true
46,19,-1041,1041.17,true
47,-8,1434,1434.02,true
48,1312,48,1312.88,true
49,-830,840,1180.89,true
50,16,-1140,1140.11,true
51,1177,-1167,1657.47,true
52,1288,-24,1288.22,true
53,1312,48,1312.88,true
54,-1748,-24,1748.16,true
55,-1118,-6,1118.02,true
56,-1127,-1023,1522.06,true
57,988,-330,1041.65,true
58,1393,1425,1992.76,true
59,1357,-1347,1912.03,true
60,16,-1302,1302.10,true
61,1303,-1347,1874.09,true
62,-11,1047,1047.06,true
63,-1280,-6,1280.01,true
64,-965,-807,1257.96,true
65,-8,-1482,1482.02,true
66,-740,-762,1062.19,true
67,-1154,1146,1626.36,true
68,-1307,-1275,1825.89,true
69,979,903,1331.86,true
70,1060,12,1060.07,true
71,-1442,-6,1442.01,true
72,1879,-87,1881.01,true
73,1060,12,1060.07,true
74,-11,1263,1263.05,true
75,-1289,1281,1817.27,true
76,1045,57,1046.55,true
77,937,-969,1347.94,true
78,1180,12,1180.06,true
79,-1604,-6,1604.01,true
80,-965,-807,1257.96,true
81,1033,-1041,1466.55,true
82,-926,-942,1320.92,true
83,1267,3,1267.00,true
84,1045,-1077,1500.65,true
85,-965,-807,1257.96,true
86,-965,-987,1380.36,true
87,-1766,-6,1766.01,true
88,1069,-1167,1582.61,true
89,16,-1140,1140.11,true
90,16,-2058,2058.06,true
91,1387,3,1387.00,true
92,1288,-24,1288.22,true
93,802,786,1122.94,true
94,-1055,-1077,1507.63,true
95,-1928,-6,1928.01,true
96,259,-1977,1993.89,true
97,1474,-6,1474.01,true
98,16,-2112,2112.06,true
99,757,-753,1067.73,true
100,-11,-1275,1275.05,true
101,1393,1425,1992.76,true
102,1546,12,1546.05,true
103,-2090,-6,2090.01,true
104,925,867,1267.80,true
105,1357,-1347,1912.03,true
106,-1199,-1221,1711.27,true
107,-722,-726,1023.89,true
108,-1127,-1023,1522.06,true
109,-1250,12,1250.06,true
110,-8,1110,1110.03,true
111,-749,-753,1062.08,true
112,1465,-1347,1990.13,true
113,7,1929,1929.01,true
114,871,-861,1224.73,true
115,-776,-780,1100.26,true
116,988,966,1381.77,true
117,1465,-1347,1990.13,true
118,7,-1509,1509.02,true
119,-803,-807,1138.45,true
120,-794,-762,1100.49,true
121,-1307,-1275,1825.89,true
122,934,-924,1313.82,true
123,-830,-834,1176.63,true
124,1060,12,1060.07,true
125,-1199,1209,1702.73,true
126,-8,1272,1272.03,true
127,-857,-861,1214.81,true
128,-965,-807,1257.96,true
129,1960,-6,1960.01,true
130,-1469,-1491,2093.09,true
131,-884,-888,1253.00,true
132,1132,1110,1585.41,true
133,1045,57,1046.55,true
134,2032,12,2032.04,true
135,-911,-915,1291.18,true
136,1177,-33,1177.46,true
137,937,-969,1347.94,true
138,-2,1326,1326.00,true
139,-938,-942,1329.36,true
140,-35,1281,1281.48,true
141,1222,1200,1712.68,true
142,-8,1434,1434.02,true
143,-965,-969,1367.55,true
144,-965,-807,1257.96,true
145,736,732,1038.04,true
146,1114,-1104,1568.38,true
147,-992,-996,1405.73,true
148,-830,840,1180.89,true
149,-965,-807,1257.96,true
150,-1010,-6,1010.02,true
151,-1019,-1023,1443.91,true
152,1288,-24,1288.22,true
153,-965,-987,1380.36,true
154,1177,-1167,1657.47,true
155,-1046,-1050,1482.10,true
156,1069,-1167,1582.61,true
157,-1007,3,1007.00,true
158,-1064,-6,1064.02,true
159,-1073,-1077,1520.28,true
160,1312,48,1312.88,true
161,817,813,1152.59,true
162,-1037,-3,1037.00,true
163,-1100,-1104,1558.47,true
164,-1856,12,1856.04,true
165,-1055,-1077,1507.63,true
166,-1118,-6,1118.02,true
167,-1127,-1131,1596.65,true
168,1447,-33,1447.38,true
169,-1928,-6,1928.01,true
170,7,-1293,1293.02,true
171,-1154,-1158,1634.83,true
172,988,-330,1041.65,true
173,-8,-1320,1320.02,true
174,-1172,-6,1172.02,true
175,-1181,-1185,1673.02,true
176,16,-1302,1302.10,true
177,898,894,1267.14,true
178,1357,-1347,1912.03,true
179,-1208,-1212,1711.20,true
180,-1010,1020,1435.44,true
181,16,-1302,1302.10,true
182,-1226,-6,1226.01,true
183,-1235,-1239,1749.38,true
184,1303,-1347,1874.09,true
185,925,867,1267.80,true
186,1420,-1410,2001.12,true
187,-1262,-1266,1787.57,true
188,-1199,-1221,1711.27,true
189,-1073,1083,1524.54,true
190,-1280,-6,1280.01,true
191,-1289,-1293,1825.75,true
192,988,-330,1041.65,true
193,979,975,1381.69,true
194,7,-1473,1473.02,true
195,-1316,-1320,1863.94,true
196,-8,-1482,1482.02,true
197,1465,-1347,1990.13,true
198,-1334,-6,1334.01,true
199,-1343,-1347,1902.12,true
200,-1307,-1275,1825.89,true
201,7,1929,1929.01,true
202,-1154,1146,1626.36,true
203,-1370,-1374,1940.30,true
204,-1262,-1320,1826.21,true
205,1042,-6,1042.02,true
206,-1388,-6,1388.01,true
207,-1397,-1401,1978.49,true
208,979,903,1331.86,true
209,1060,1056,1496.24,true
210,1063,3,1063.00,true
211,-1424,-1428,2016.67,true
212,898,-906,1275.63,true
213,979,903,1331.86,true
214,-1442,-6,1442.01,true
215,-1451,-1455,2054.85,true
216,-11,-1491,1491.04,true
217,934,-924,1313.82,true
218,1105,3,1105.00,true
219,-1478,-1482,2093.04,true
220,1060,12,1060.07,true
221,-1253,1263,1779.09,true
222,-1496,-6,1496.01,true
223,1,-1005,1005.00,true
224,1045,57,1046.55,true
225,1141,1137,1610.79,true
226,-1289,1281,1817.27,true
227,1,-1023,1023.00,true
228,1150,-6,1150.02,true
229,-1469,-1491,2093.09,true
230,-1550,-6,1550.01,true
231,1,-1041,1041.00,true
232,937,-969,1347.94,true
233,-884,-888,1253.00,true
234,7,-1779,1779.01,true
235,1,-1059,1059.00,true
236,-965,-807,1257.96,true
237,1204,-6,1204.01,true
238,-1604,-6,1604.01,true
239,1,-1077,1077.00,true
240,19,-1041,1041.17,true
241,1222,1218,1725.34,true
242,1225,3,1225.00,true
243,1,-1095,1095.00,true
244,1033,-1041,1466.55,true
245,19,-1041,1041.17,true
246,-1658,-6,1658.01,true
247,1,-1113,1113.00,true
248,1045,-1077,1500.65,true
249,-35,1281,1281.48,true
250,1267,3,1267.00,true
251,1,-1131,1131.00,true
252,-8,1434,1434.02,true
253,7,1443,1443.02,true
254,-1712,-6,1712.01,true
255,1,-1149,1149.00,true
256,-965,-807,1257.96,true
257,1303,1299,1839.89,true
258,7,-1959,1959.01,true
259,1,-1167,1167.00,true
260,1312,-6,1312.01,true
261,-830,840,1180.89,true
262,-1766,-6,1766.01,true
263,1,-1185,1185.00,true
264,736,714,1025.42,true
265,-965,-807,1257.96,true
266,757,759,1071.97,true
267,1,-1203,1203.00,true
268,16,-1140,1140.11,true
269,1366,-6,1366.01,true
270,-1820,-6,1820.01,true
271,1,-1221,1221.00,true
272,1288,-24,1288.22,true
273,1384,1380,1954.45,true
274,1387,3,1387.00,true
275,1,-1239,1239.00,true
276,-1043,3,1043.00,true
277,1288,-24,1288.22,true
278,-1874,-6,1874.01,true
279,1,-1257,1257.00,true
280,802,786,1122.94,true
281,-1064,-6,1064.02,true
282,1429,3,1429.00,true
283,1,-1275,1275.00,true
284,1312,48,1312.88,true
285,7,1623,1623.02,true
286,-1928,-6,1928.01,true
287,1,-1293,1293.00,true
288,1330,1434,1955.83,true
289,1465,1461,2069.00,true
290,736,-732,1038.04,true
291,1,-1311,1311.00,true
292,1474,-6,1474.01,true
293,-1118,-6,1118.02,true
294,-1982,-6,1982.01,true
295,1,-1329,1329.00,true
296,-11,-1275,1275.05,true
297,-1127,-1131,1596.65,true
298,757,-753,1067.73,true
299,1,-1347,1347.00,true
300,-1127,-1023,1522.06,true
301,1528,-6,1528.01,true
302,-2036,-6,2036.01,true
303,1,-1365,1365.00,true
304,1393,1425,1992.76,true
305,1,1029,1029.00,true
306,-2,1032,1032.00,true
307,1,-1383,1383.00,true
308,-1163,3,1163.00,true
309,1393,1425,1992.76,true
310,-2090,-6,2090.01,true
311,1,-1401,1401.00,true
312,16,1776,1776.07,true
313,16,-1302,1302.10,true
314,1591,3,1591.00,true
315,1,-1419,1419.00,true
316,1357,-1347,1912.03,true
317,-1205,3,1205.00,true
318,-713,-717,1011.17,true
319,1,-1437,1437.00,true
320,-1127,-1023,1522.06,true
321,1,1083,1083.00,true
322,-722,-726,1023.89,true
323,1,-1455,1455.00,true
324,1636,-6,1636.01,true
325,1303,-1347,1874.09,true
326,-731,-735,1036.62,true
327,1,-1473,1473.00,true
328,-1250,12,1250.06,true
329,925,867,1267.80,true
330,-740,-744,1049.35,true
331,1,-1491,1491.00,true
332,-11,1047,1047.06,true
333,1690,-6,1690.01,true
334,-749,-753,1062.08,true
335,1006,0,1006.00,true
336,-965,-807,1257.96,true
337,1012,0,1012.00,true
338,-758,-762,1074.81,true
339,1018,0,1018.00,true
340,7,1929,1929.01,true
341,1024,0,1024.00,true
342,-767,-771,1087.53,true
343,1030,0,1030.00,true
344,988,966,1381.77,true
345,1036,0,1036.00,true
346,-776,-780,1100.26,true
347,1042,0,1042.00,true
348,-8,-1482,1482.02,true
349,1048,0,1048.00,true
350,-785,-789,1112.99,true
351,1054,0,1054.00,true
352,1465,-1347,1990.13,true
353,1060,0,1060.00,true
354,-794,-798,1125.72,true
355,1066,0,1066.00,true
356,1798,-6,1798.01,true
357,1072,0,1072.00,true
358,-803,-807,1138.45,true
359,1078,0,1078.00,true
360,-1370,12,1370.05,true
361,1084,0,1084.00,true
362,-812,-816,1151.17,true
363,1090,0,1090.00,true
364,-1307,-1275,1825.89,true
365,1096,0,1096.00,true
366,-821,-825,1163.90,true
367,1102,0,1102.00,true
368,1060,12,1060.07,true
369,1108,0,1108.00,true
370,-830,-834,1176.63,true
371,1114,0,1114.00,true
372,7,2109,2109.01,true
373,1120,0,1120.00,true
374,-839,-843,1189.36,true
375,1126,0,1126.00,true
376,-1199,1209,1702.73,true
377,1132,0,1132.00,true
378,-848,-852,1202.08,true
379,1138,0,1138.00,true
380,-1442,-6,1442.01,true
381,1144,0,1144.00,true
382,-857,-861,1214.81,true
383,1150,0,1150.00,true
384,1555,-195,1567.18,true
385,1156,0,1156.00,true
386,-866,-870,1227.54,true
387,1162,0,1162.00,true
388,1960,-6,1960.01,true
389,1168,0,1168.00,true
390,-875,-879,1240.27,true
391,1174,0,1174.00,true
392,1132,1110,1585.41,true
393,1180,0,1180.00,true
394,-884,-888,1253.00,true
395,1186,0,1186.00,true
396,-11,1263,1263.05,true
397,1192,0,1192.00,true
398,-893,-897,1265.72,true
399,1198,0,1198.00,true
400,1045,57,1046.55,true
401,1204,0,1204.00,true
402,-902,-906,1278.45,true
403,1210,0,1210.00,true
404,-2,-1020,1020.00,true
405,1216,0,1216.00,true
406,-911,-915,1291.18,true
407,1222,0,1222.00,true
408,-767,777,1091.80,true
409,1228,0,1228.00,true
410,-920,-924,1303.91,true
411,1234,0,1234.00,true
412,937,-969,1347.94,true
413,1240,0,1240.00,true
414,-929,-933,1316.64,true
415,1246,0,1246.00,true
416,-35,1281,1281.48,true
417,1252,0,1252.00,true
418,-938,-942,1329.36,true
419,1258,0,1258.00,true
420,2122,-6,2122.01,true
421,1264,0,1264.00,true
422,-947,-951,1342.09,true
423,1270,0,1270.00,true
424,1222,1200,1712.68,true
425,1276,0,1276.00,true
426,-956,-960,1354.82,true
427,1282,0,1282.00,true
428,-965,-807,1257.96,true
429,1288,0,1288.00,true
430,-965,-969,1367.55,true
431,1294,0,1294.00,true
432,-926,-942,1320.92,true
433,1300,0,1300.00,true
434,-974,-978,1380.28,true
435,1306,0,1306.00,true
436,736,732,1038.04,true
437,1312,0,1312.00,true
438,-983,-987,1393.00,true
439,1318,0,1318.00,true
440,-830,840,1180.89,true
441,1324,0,1324.00,true
442,-992,-996,1405.73,true
443,1330,0,1330.00,true
444,1267,3,1267.00,true
445,1336,0,1336.00,true
446,-1001,-1005,1418.46,true
447,1342,0,1342.00,true
448,-965,-807,1257.96,true
449,1348,0,1348.00,true
450,-1010,-1014,1431.19,true
451,1354,0,1354.00,true
452,763,759,1076.22,true
453,1360,0,1360.00,true
454,-1019,-1023,1443.91,true
455,1366,0,1366.00,true
456,-8,-1158,1158.03,true
457,1372,0,1372.00,true
458,-1028,-1032,1456.64,true
459,1378,0,1378.00,true
460,-965,-987,1380.36,true
461,1384,0,1384.00,true
462,-1037,-1041,1469.37,true
463,1390,0,1390.00,true
464,1069,-1167,1582.61,true
465,1396,0,1396.00,true
466,-1046,-1050,1482.10,true
467,1402,0,1402.00,true
468,790,786,1114.40,true
469,1408,0,1408.00,true
470,-1055,-1059,1494.83,true
471,1414,0,1414.00,true
472,-1007,3,1007.00,true
473,1420,0,1420.00,true
474,-1064,-1068,1507.55,true
475,1426,0,1426.00,true
476,16,-1140,1140.11,true
477,1432,0,1432.00,true
478,-1073,-1077,1520.28,true
479,1438,0,1438.00,true
480,-47,1515,1515.73,true
481,1444,0,1444.00,true
482,-1082,-1086,1533.01,true
483,1450,0,1450.00,true
484,817,813,1152.59,true
485,1456,0,1456.00,true
486,-1091,-1095,1545.74,true
487,1462,0,1462.00,true
488,-1856,12,1856.04,true
489,1468,0,1468.00,true
490,-1100,-1104,1558.47,true
491,1474,0,1474.00,true
492,1288,-24,1288.22,true
493,1480,0,1480.00,true
494,-1109,-1113,1571.19,true
495,1486,0,1486.00,true
496,-1055,-1077,1507.63,true
497,1492,0,1492.00,true
498,-1118,-1122,1583.92,true
499,1498,0,1498.00,true
500,844,840,1190.77,true
501,1504,0,1504.00,true
502,-1127,-1131,1596.65,true
503,1510,0,1510.00,true
504,1447,1425,2030.87,true
505,1516,0,1516.00,true
506,-1136,-1140,1609.38,true
507,1522,0,1522.00,true
508,-1928,-6,1928.01,true
509,1528,0,1528.00,true
510,-1145,-1149,1622.11,true
511,1534,0,1534.00,true
512,988,-330,1041.65,true
513,1540,0,1540.00,true
514,-1154,-1158,1634.83,true
515,1546,0,1546.00,true
516,871,867,1228.95,true
517,1552,0,1552.00,true
518,-1163,-1167,1647.56,true
519,1558,0,1558.00,true
520,-8,-1320,1320.02,true
521,1564,0,1564.00,true
522,-1172,-1176,1660.29,true
523,1570,0,1570.00,true
524,16,-2112,2112.06,true
525,1576,0,1576.00,true
526,-1181,-1185,1673.02,true
527,1582,0,1582.00,true
528,-11,-1275,1275.05,true
529,1588,0,1588.00,true
530,-1190,-1194,1685.74,true
531,1594,0,1594.00,true
532,898,894,1267.14,true
533,1600,0,1600.00,true
534,-1199,-1203,1698.47,true
535,1606,0,1606.00,true
536,-1010,1020,1435.44,true
537,1612,0,1612.00,true
538,-1208,-1212,1711.20,true
539,1618,0,1618.00,true
540,1393,1425,1992.76,true
541,1624,0,1624.00,true
542,-1217,-1221,1723.93,true
543,1630,0,1630.00,true
544,16,-1302,1302.10,true
545,1636,0,1636.00,true
546,-1226,-1230,1736.66,true
547,1642,0,1642.00,true
548,925,921,1305.32,true
549,1648,0,1648.00,true
550,-1235,-1239,1749.38,true
551,1654,0,1654.00,true
552,-1181,3,1181.00,true
553,1660,0,1660.00,true
554,-1244,-1248,1762.11,true
555,1666,0,1666.00,true
556,925,867,1267.80,true
557,1672,0,1672.00,true
558,-1253,-1257,1774.84,true
559,1678,0,1678.00,true
560,-1199,-1221,1711.27,true
561,1684,0,1684.00,true
562,-1262,-1266,1787.57,true
563,1690,0,1690.00,true
564,952,948,1343.51,true
565,1696,0,1696.00,true
566,-1271,-1275,1800.30,true
567,1702,0,1702.00,true
568,-1073,1083,1524.54,true
569,1708,0,1708.00,true
570,-1280,-1284,1813.02,true
571,1714,0,1714.00,true
572,-722,-726,1023.89,true
573,1720,0,1720.00,true
574,-1289,-1293,1825.75,true
575,1726,0,1726.00,true
576,925,867,1267.80,true
577,1732,0,1732.00,true
578,-1298,-1302,1838.48,true
579,1738,0,1738.00,true
580,979,975,1381.69,true
581,1744,0,1744.00,true
582,-1307,-1311,1851.21,true
583,1750,0,1750.00,true
584,-8,-1482,1482.02,true
585,1756,0,1756.00,true
586,-1316,-1320,1863.94,true
587,1762,0,1762.00,true
588,-8,1110,1110.03,true
589,1768,0,1768.00,true
590,-1325,-1329,1876.66,true
591,1774,0,1774.00,true
592,1465,-1347,1990.13,true
593,1780,0,1780.00,true
594,-1334,-1338,1889.39,true
595,1786,0,1786.00,true
596,1006,1002,1419.87,true
597,1792,0,1792.00,true
598,-1343,-1347,1902.12,true
599,1798,0,1798.00,true
600,7,1137,1137.02,true
601,1804,0,1804.00,true
602,-1352,-1356,1914.85,true
603,1810,0,1810.00,true
604,7,1929,1929.01,true
605,1816,0,1816.00,true
606,-1361,-1365,1927.58,true
607,1822,0,1822.00,true
608,-1262,-1320,1826.21,true
609,1828,0,1828.00,true
610,-1370,-1374,1940.30,true
611,1834,0,1834.00,true
612,1033,1029,1458.06,true
613,1840,0,1840.00,true
614,-1379,-1383,1953.03,true
615,1846,0,1846.00,true
616,1042,-6,1042.02,true
617,1852,0,1852.00,true
618,-1388,-1392,1965.76,true
619,1858,0,1858.00,true
620,988,966,1381.77,true
621,1864,0,1864.00,true
622,-1397,-1401,1978.49,true
623,1870,0,1870.00,true
624,7,-1509,1509.02,true
625,1876,0,1876.00,true
626,-1406,-1410,1991.21,true
627,1882,0,1882.00,true
628,1060,1056,1496.24,true
629,1888,0,1888.00,true
630,-1415,-1419,2003.94,true
631,1894,0,1894.00,true
632,898,-906,1275.63,true
633,1900,0,1900.00,true
634,-1424,-1428,2016.67,true
635,1906,0,1906.00,true
636,-803,-807,1138.45,true
637,1912,0,1912.00,true
638,-1433,-1437,2029.40,true
639,1918,0,1918.00,true
640,979,903,1331.86,true
641,1924,0,1924.00,true
642,-1442,-1446,2042.13,true
643,1930,0,1930.00,true
644,1087,1083,1534.42,true
645,1936,0,1936.00,true
646,-1451,-1455,2054.85,true
647,1942,0,1942.00,true
648,1096,-6,1096.02,true
649,1948,0,1948.00,true
650,-1460,-1464,2067.58,true
651,1954,0,1954.00,true
652,934,-924,1313.82,true
653,1960,0,1960.00,true
654,-1469,-1473,2080.31,true
655,1966,0,1966.00,true
656,1060,12,1060.07,true
657,1972,0,1972.00,true
658,-1478,-1482,2093.04,true
659,1978,0,1978.00,true
660,1114,1110,1572.61,true
661,1984,0,1984.00,true
662,-1487,-1491,2105.77,true
663,1990,0,1990.00,true
664,-1253,1263,1779.09,true
665,1996,0,1996.00,true
666,-1496,-1500,2118.49,true
667,2002,0,2002.00,true
668,-1199,1209,1702.73,true
669,2008,0,2008.00,true
670,1,-1005,1005.00,true
671,2014,0,2014.00,true
672,-737,705,1019.90,true
673,2020,0,2020.00,true
674,1,-1011,1011.00,true
675,2026,0,2026.00,true
676,1141,1137,1610.79,true
677,2032,0,2032.00,true
678,1,-1017,1017.00,true
679,2038,0,2038.00,true
680,1150,-6,1150.02,true
681,2044,0,2044.00,true
682,1,-1023,1023.00,true
683,2050,0,2050.00,true
684,-965,-807,1257.96,true
685,2056,0,2056.00,true
686,1,-1029,1029.00,true
687,2062,0,2062.00,true
688,-1469,-1491,2093.09,true
689,2068,0,2068.00,true
690,1,-1035,1035.00,true
691,2074,0,2074.00,true
692,1168,1164,1648.98,true
693,2080,0,2080.00,true
694,1,-1041,1041.00,true
695,2086,0,2086.00,true
696,-1316,1326,1868.19,true
697,2092,0,2092.00,true
698,1,-1047,1047.00,true
699,2098,0,2098.00,true
700,-884,-888,1253.00,true
701,2104,0,2104.00,true
702,1,-1053,1053.00,true
703,2110,0,2110.00,true
704,-965,-807,1257.96,true
705,2116,0,2116.00,true
706,1,-1059,1059.00,true
707,2122,0,2122.00,true
708,1195,1191,1687.16,true
709,2128,0,2128.00,true
710,1,-1065,1065.00,true
711,2134,0,2134.00,true
712,1204,-6,1204.01,true
713,2140,0,2140.00,true
714,1,-1071,1071.00,true
715,2146,0,2146.00,true
716,2032,12,2032.04,true
717,2152,0,2152.00,true
718,1,-1077,1077.00,true
719,2158,0,2158.00,true
720,1177,-33,1177.46,true
721,2164,0,2164.00,true
722,1,-1083,1083.00,true
723,2170,0,2170.00,true
724,1222,1218,1725.34,true
725,2176,0,2176.00,true
726,1,-1089,1089.00,true
727,2182,0,2182.00,true
728,1033,-1041,1466.55,true
729,2188,0,2188.00,true
730,1,-1095,1095.00,true
731,2194,0,2194.00,true
732,937,-969,1347.94,true
733,2200,0,2200.00,true
734,1,-1101,1101.00,true
735,2206,0,2206.00,true
736,19,-1041,1041.17,true
737,2212,0,2212.00,true
738,1,-1107,1107.00,true
739,2218,0,2218.00,true
740,1249,1245,1763.53,true
741,2224,0,2224.00,true
742,1,-1113,1113.00,true
743,2230,0,2230.00,true
744,1258,-6,1258.01,true
745,2236,0,2236.00,true
746,1,-1119,1119.00,true
747,2242,0,2242.00,true
748,-35,1281,1281.48,true
749,2248,0,2248.00,true
750,1,-1125,1125.00,true
751,2254,0,2254.00,true
752,-8,1434,1434.02,true
753,2260,0,2260.00,true
754,1,-1131,1131.00,true
755,2266,0,2266.00,true
756,1276,1272,1801.71,true
757,2272,0,2272.00,true
758,1,-1137,1137.00,true
759,2278,0,2278.00,true
760,7,1443,1443.02,true
761,2284,0,2284.00,true
762,1,-1143,1143.00,true
763,2290,0,2290.00,true
764,-965,-969,1367.55,true
765,2296,0,2296.00,true
766,1,-1149,1149.00,true
767,2302,0,2302.00,true
768,1312,48,1312.88,true
769,2308,0,2308.00,true
770,1,-1155,1155.00,true
771,2314,0,2314.00,true
772,1303,1299,1839.89,true
773,2320,0,2320.00,true
774,1,-1161,1161.00,true
775,2326,0,2326.00,true
776,1312,-6,1312.01,true
777,2332,0,2332.00,true
778,1,-1167,1167.00,true
779,2338,0,2338.00,true
780,1114,-1104,1568.38,true
781,2344,0,2344.00,true
782,1,-1173,1173.00,true
783,2350,0,2350.00,true
784,-830,840,1180.89,true
785,2356,0,2356.00,true
786,1,-1179,1179.00,true
787,2362,0,2362.00,true
788,1330,1326,1878.08,true
789,2368,0,2368.00,true
790,1,-1185,1185.00,true
791,2374,0,2374.00,true
792,-1001,3,1001.00,true
793,2380,0,2380.00,true
794,1,-1191,1191.00,true
795,2386,0,2386.00,true
796,-965,-807,1257.96,true
797,2392,0,2392.00,true
798,1,-1197,1197.00,true
799,2398,0,2398.00,true
800,16,-1140,1140.11,true
801,2404,0,2404.00,true
802,1,-1203,1203.00,true
803,2410,0,2410.00,true
804,1357,1353,1916.26,true
805,2416,0,2416.00,true
806,1,-1209,1209.00,true
807,2422,0,2422.00,true
808,1366,-6,1366.01,true
809,2428,0,2428.00,true
810,1,-1215,1215.00,true
811,2434,0,2434.00,true
812,1288,-24,1288.22,true
813,2440,0,2440.00,true
814,1,-1221,1221.00,true
815,2446,0,2446.00,true
816,1177,-1167,1657.47,true
817,2452,0,2452.00,true
818,1,-1227,1227.00,true
819,2458,0,2458.00,true
820,1384,1380,1954.45,true
821,2464,0,2464.00,true
822,1,-1233,1233.00,true
823,2470,0,2470.00,true
824,-1043,3,1043.00,true
825,2476,0,2476.00,true
826,1,-1239,1239.00,true
827,2482,0,2482.00,true
828,-1046,-1050,1482.10,true
829,2488,0,2488.00,true
830,1,-1245,1245.00,true
831,2494,0,2494.00,true
832,1288,-24,1288.22,true
833,2500,0,2500.00,true
834,1,-1251,1251.00,true
835,2506,0,2506.00,true
836,1411,1407,1992.63,true
837,2512,0,2512.00,false
838,1,-1257,1257.00,true
839,2518,0,2518.00,false
840,1420,-6,1420.01,true
841,2524,0,2524.00,false
842,1,-1263,1263.00,true
843,2530,0,2530.00,false
844,-1064,-6,1064.02,true
845,2536,0,2536.00,false
846,1,-1269,1269.00,true
847,2542,0,2542.00,false
848,1312,48,1312.88,true
849,2548,0,2548.00,false
850,1,-1275,1275.00,true
851,2554,0,2554.00,false
852,1438,1434,2030.81,true
853,2560,0,2560.00,false
854,1,-1281,1281.00,true
855,2566,0,2566.00,false
856,7,1623,1623.02,true
857,2572,0,2572.00,false
858,1,-1287,1287.00,true
859,2578,0,2578.00,false
860,817,813,1152.59,true
861,2584,0,2584.00,false
862,1,-1293,1293.00,true
863,2590,0,2590.00,false
864,-1748,-24,1748.16,true
865,2596,0,2596.00,false
866,1,-1299,1299.00,true
867,2602,0,2602.00,false
868,1465,1461,2069.00,true
869,2608,0,2608.00,false
870,1,-1305,1305.00,true
871,2614,0,2614.00,false
872,1474,-6,1474.01,true
873,2620,0,2620.00,false
874,1,-1311,1311.00,true
875,2626,0,2626.00,false
876,-1856,12,1856.04,true
877,2632,0,2632.00,false
878,1,-1317,1317.00,true
879,2638,0,2638.00,false
880,-1118,-6,1118.02,true
881,2644,0,2644.00,false
882,1,-1323,1323.00,true
883,2650,0,2650.00,false
884,1492,1488,2107.18,true
885,2656,0,2656.00,false
886,1,-1329,1329.00,true
887,2662,0,2662.00,false
888,-2,-1266,1266.00,true
889,2668,0,2668.00,false
890,1,-1335,1335.00,true
891,2674,0,2674.00,false
892,-1127,-1131,1596.65,true
893,2680,0,2680.00,false
894,1,-1341,1341.00,true
895,2686,0,2686.00,false
896,-1127,-1023,1522.06,true
897,2692,0,2692.00,false
898,1,-1347,1347.00,true
899,2698,0,2698.00,false
900,1,1011,1011.00,true
901,2704,0,2704.00,false
902,1,-1353,1353.00,true
903,2710,0,2710.00,false
904,1528,-6,1528.01,true
905,2716,0,2716.00,false
906,1,-1359,1359.00,true
907,2722,0,2722.00,false
908,7,-1293,1293.02,true
909,2728,0,2728.00,false
910,1,-1365,1365.00,true
911,2734,0,2734.00,false
912,988,-330,1041.65,true
913,2740,0,2740.00,false
914,1,-1371,1371.00,true
915,2746,0,2746.00,false
916,1,1029,1029.00,true
917,2752,0,2752.00,false
918,1,-1377,1377.00,true
919,2758,0,2758.00,false
920,-1163,3,1163.00,true
921,2764,0,2764.00,false
922,1,-1383,1383.00,true
923,2770,0,2770.00,false
924,-8,-1320,1320.02,true
925,2776,0,2776.00,false
926,1,-1389,1389.00,true
927,2782,0,2782.00,false
928,1393,1425,1992.76,true
929,2788,0,2788.00,false
930,1,-1395,1395.00,true
931,2794,0,2794.00,false
932,1,1047,1047.00,true
933,2800,0,2800.00,false
934,1,-1401,1401.00,true
935,2806,0,2806.00,false
936,1582,-6,1582.01,true
937,2812,0,2812.00,false
938,1,-1407,1407.00,true
939,2818,0,2818.00,false
940,16,-1302,1302.10,true
941,2824,0,2824.00,false
942,1,-1413,1413.00,true
943,2830,0,2830.00,false
944,1357,-1347,1912.03,true
945,2836,0,2836.00,false
946,1,-1419,1419.00,true
947,2842,0,2842.00,false
948,1,1065,1065.00,true
949,2848,0,2848.00,false
950,1,-1425,1425.00,true
951,2854,0,2854.00,false
952,-1205,3,1205.00,true
953,2860,0,2860.00,false
954,1,-1431,1431.00,true
955,2866,0,2866.00,false
956,-1208,-1212,1711.20,true
957,2872,0,2872.00,false
958,1,-1437,1437.00,true
959,2878,0,2878.00,false
960,16,-1302,1302.10,true
961,2884,0,2884.00,false
962,1,-1443,1443.00,true
963,2890,0,2890.00,false
964,1,1083,1083.00,true
965,2896,0,2896.00,false
966,1,-1449,1449.00,true
967,2902,0,2902.00,false
968,1636,-6,1636.01,true
969,2908,0,2908.00,false
970,1,-1455,1455.00,true
971,2914,0,2914.00,false
972,-1226,-6,1226.01,true
973,2920,0,2920.00,false
974,1,-1461,1461.00,true
975,2926,0,2926.00,false
976,1303,-1347,1874.09,true
977,2932,0,2932.00,false
978,1,-1467,1467.00,true
979,2938,0,2938.00,false
980,1,1101,1101.00,true
981,2944,0,2944.00,false
982,1,-1473,1473.00,true
983,2950,0,2950.00,false
984,-2099,3,2099.00,true
985,2956,0,2956.00,false
986,1,-1479,1479.00,true
987,2962,0,2962.00,false
988,925,867,1267.80,true
989,2968,0,2968.00,false
990,1,-1485,1485.00,true
991,2974,0,2974.00,false
992,-11,1047,1047.06,true
993,2980,0,2980.00,false
994,1,-1491,1491.00,true
995,2986,0,2986.00,false
996,1,1119,1119.00,true
997,2992,0,2992.00,false
998,1,-1497,1497.00,true
999,2998,0,2998.00,false
1000,1690,-6,1690.01,true
